number,name
1,Summary1
2,Summary2
3,Summary2
4,Summary2
5,Summary2
6,Summary2
7,Summary2
8,Summary2
9,Summary2
10,Summary2
11,Summary2
12,Summary2
13,Summary2
14,Summary2
15,Summary2
16,Summary2
17,Summary2
18,Summary2
19,Summary2
20,Summary2
21,Summary2
22,Summary2
23,Summary2
24,Summary2
25,Summary2
26,Summary2
27,Summary2
28,Summary2
29,Summary2
30,Summary2
31,Summary2
32,Summary2
33,Summary2
34,Summary2
35,Summary2
36,Summary2
37,Summary2
38,Summary2
39,Summary2
40,Summary2
41,Summary2
42,Summary2
43,Summary2
44,Summary2
45,Summary2
46,Summary2
47,Summary2
48,Summary2
49,Summary2
50,Summary2
51,Summary2
52,Summary2
53,Summary2
54,Summary2
55,Summary2
56,Summary2
57,Summary2
58,Summary2
59,Summary2
60,Summary2